record_id,doi,record_type,title,authors,venue,year,publication_status,themes,architecture_families,human_material_flag,validation_flag,code_or_data_flag,crossref_verified,citations_at_search,source_databases,charting_basis
10.3390/diagnostics10050325,10.3390/diagnostics10050325,primary study,Deep Learning-Based Morphological Classification of Human Sperm Heads,Iqbal I; Mustafa G; Ma J,Diagnostics,2020,peer-reviewed,Morphology; Datasets/benchmarks,CNN (generic term); YOLO family,1,0,0,yes,103,OpenAlex; PubMed; SemanticScholar,title and abstract metadata
10.1007/s11517-019-02101-y,10.1007/s11517-019-02101-y,primary study,A fully automated hybrid human sperm detection and classification system based on mobile-net and the performance comparison with conventional methods,Ilhan HO; Sigirci IO; Serbes G; Aydin N,Medical &amp; Biological Engineering &amp; Computing,2020,peer-reviewed,Morphology; Detection/concentration; Motility/tracking; Point-of-care; Datasets/benchmarks,Ensemble / distillation,1,0,1,yes,86,EuropePMC; OpenAlex; PubMed,title and abstract metadata
10.1038/s41598-020-76928-z,10.1038/s41598-020-76928-z,primary study,Machine learning predicts live-birth occurrence before in-vitro fertilization treatment,Goyal A; Kuchana M; Ayyagari KPR,Scientific Reports,2020,peer-reviewed,Datasets/benchmarks,YOLO family; Ensemble / distillation,1,0,1,yes,82,OpenAlex; PubMed,title and abstract metadata
10.5534/wjmh.230050,10.5534/wjmh.230050,primary study,Artificial Intelligence in Andrology: From Semen Analysis to Image Diagnostics,Ghayda RA; Cannarella R; Calogero AE; Shah R; Rambhatla A; Zohdy W; Kavoussi P; Avidor-Reiss T; Boitrelle F; Mostafa T; Saleh R; Toprak T; Birowo P; Salvio G; Calik G; Kuroda S; Kaiyal RS; Ziouziou I; Crafa A; Phuoc NHV; Russo GI; Durairajanayagam D; Al-Hashimi M; Hamoda TAAAM; Pinggera GM; Adriansj,The World Journal of Men's Health,2024,peer-reviewed,,Family not specified in abstract,1,0,0,yes,78,EuropePMC; OpenAlex; PubMed; SemanticScholar,title and abstract metadata
10.1016/j.compbiomed.2021.104790,10.1016/j.compbiomed.2021.104790,primary study,Multi-model CNN fusion for sperm morphology analysis,Yüzkat M; Ilhan HO; Aydin N,Computers in Biology and Medicine,2021,peer-reviewed,Morphology; Detection/concentration; Motility/tracking; Datasets/benchmarks,CNN (generic term),1,0,1,yes,67,EuropePMC; OpenAlex; PubMed; SemanticScholar,title and abstract metadata
10.3390/s21010072,10.3390/s21010072,primary study,Deep Learning Based Evaluation of Spermatozoid Motility for Artificial Insemination,Valiuškaitė V; Raudonis V; Maskeliūnas R; Damaševičius R; Krilavičius T,Sensors,2020,peer-reviewed,Detection/concentration; Motility/tracking; Viability/DFI; Datasets/benchmarks,CNN (generic term); R-CNN family,1,0,0,yes,55,EuropePMC; OpenAlex; PubMed,title and abstract metadata
10.1038/s41597-023-02173-4,10.1038/s41597-023-02173-4,primary study,"VISEM-Tracking, a human spermatozoa tracking dataset",Thambawita V; Hicks SA; Storås AM; Nguyen T; Andersen JM; Witczak O; Haugen TB; Hammer HL; Halvorsen P; Riegler MA,Scientific Data,2023,peer-reviewed,Detection/concentration; Motility/tracking; Datasets/benchmarks,YOLO family,1,0,0,yes,50,EuropePMC; OpenAlex; PubMed; arXiv,title and abstract metadata
10.1016/j.compbiomed.2021.104687,10.1016/j.compbiomed.2021.104687,primary study,Impact of transfer learning for human sperm segmentation using deep learning,Marín R; Chang V,Computers in Biology and Medicine,2021,peer-reviewed,Morphology; Detection/concentration; Datasets/benchmarks,U-Net; R-CNN family,1,0,0,yes,44,OpenAlex; PubMed,title and abstract metadata
10.1016/j.fertnstert.2022.03.011,10.1016/j.fertnstert.2022.03.011,primary study,Automated rare sperm identification from low-magnification microscopy images of dissociated microsurgical testicular sperm extraction samples using deep learning,Lee R; Witherspoon L; Robinson M; Lee JH; Duffy SP; Flannigan R; Ma H,Fertility and Sterility,2022,peer-reviewed,Detection/concentration; Rare sperm/azoospermia,CNN (generic term); U-Net,1,0,0,yes,40,PubMed; SemanticScholar,title and abstract metadata
10.47852/bonviewaia2202303,10.47852/bonviewaia2202303,primary study,Toward a Self-Supervised Architecture for Semen Quality Prediction Using Environmental and Lifestyle Factors,Nsugbe E,Artificial Intelligence and Applications,2022,peer-reviewed,,Other named backbone,0,0,0,yes,39,OpenAlex,title and abstract metadata
10.1038/s41598-020-69857-4,10.1038/s41598-020-69857-4,primary study,High spatially sensitive quantitative phase imaging assisted with deep neural network for classification of human spermatozoa under stressed condition,Butola A; Popova D; Prasad DK; Ahmad A; Habib A; Tinguely JC; Basnet P; Acharya G; Senthilkumaran P; Mehta DS; Ahluwalia BS,Scientific Reports,2020,peer-reviewed,Morphology; Motility/tracking; Viability/DFI; ICSI selection; Datasets/benchmarks,Family not specified in abstract,1,0,0,yes,37,EuropePMC; OpenAlex; PubMed; arXiv,title and abstract metadata
10.48550/arxiv.2204.08166,10.48550/arxiv.2204.08166,primary study,TOD-CNN: An Effective Convolutional Neural Network for Tiny Object Detection in Sperm Videos,"Shuojia Zou, Chen Li, Hongzan Sun, Peng Xu, Jiawei Zhang, Pingli Ma, Yudong Yao, Xinyu Huang, Marcin Grzegorzek",Comput. Biol. Medicine,2022,preprint,Detection/concentration; Datasets/benchmarks,CNN (generic term),0,0,0,no,36,OpenAlex; SemanticScholar; arXiv,title and abstract metadata
10.1021/acs.est.3c03928,10.1021/acs.est.3c03928,primary study,Exposure to Fine Particulate Matter Constituents and Human Semen Quality Decline: A Multicenter Study,Wang L; Xu T; Wang Q; Ni H; Yu X; Song C; Li Y; Li F; Meng T; Sheng H; Cai X; Dai T; Xiao L; Zeng Q; Guo P; Wei J; Zhang X,Environmental Science &amp; Technology,2023,peer-reviewed,Detection/concentration; Motility/tracking,Family not specified in abstract,1,1,0,yes,35,OpenAlex; PubMed,title and abstract metadata
10.1109/access.2022.3146334,10.1109/access.2022.3146334,primary study,Prolificacy Assessment of Spermatozoan via State-of-the-Art Deep Learning Frameworks,Chandra S; Gourisaria MK; Gm H; Konar D; Gao X; Wang T; Xu M,IEEE Access,2022,peer-reviewed,Morphology; Datasets/benchmarks,Family not specified in abstract,1,0,0,yes,35,IEEEXplore(via OpenAlex); OpenAlex; PubMed,title and abstract metadata
10.1002/aisy.202200111,10.1002/aisy.202200111,primary study,Ensembled Deep Learning for the Classification of Human Sperm Head Morphology,Spencer L; Fernando J; Akbaridoust F; Ackermann K; Nosrati R,Advanced Intelligent Systems,2022,peer-reviewed,Morphology; Datasets/benchmarks,CNN (generic term); Ensemble / distillation,1,0,0,yes,33,OpenAlex; SemanticScholar,title and abstract metadata
10.1016/j.compbiomed.2020.104061,10.1016/j.compbiomed.2020.104061,primary study,Quantification of human sperm concentration using machine learning-based spectrophotometry,Lesani A; Kazemnejad S; Moghimi Zand M; Azadi M; Jafari H; Mofrad MR; Nosrati R,Computers in Biology and Medicine,2020,peer-reviewed,Detection/concentration; Point-of-care,Family not specified in abstract,1,0,0,yes,33,OpenAlex; PubMed,title and abstract metadata
10.3390/genes14020451,10.3390/genes14020451,primary study,Study on Sperm-Cell Detection Using YOLOv5 Architecture with Labaled Dataset,Dobrovolny M; Benes J; Langer J; Krejcar O; Selamat A,Genes,2023,peer-reviewed,Morphology; Detection/concentration; Motility/tracking; Datasets/benchmarks,YOLO family,1,0,0,yes,30,EuropePMC; OpenAlex,title and abstract metadata
10.1016/j.cmpb.2020.105918,10.1016/j.cmpb.2020.105918,primary study,Faster region convolutional neural network and semen tracking algorithm for sperm analysis,Somasundaram D; Nirmala M,Computer Methods and Programs in Biomedicine,2021,peer-reviewed,Detection/concentration; Motility/tracking,CNN (generic term),1,0,0,yes,28,PubMed; SemanticScholar,title and abstract metadata
10.3390/diagnostics13061100,10.3390/diagnostics13061100,primary study,YOLOv5s-SA: Light-Weighted and Improved YOLOv5s for Sperm Detection,Zhu R; Cui Y; Huang J; Hou E; Zhao J; Zhou Z; Li H,Diagnostics,2023,peer-reviewed,Detection/concentration; Motility/tracking,YOLO family,0,0,0,yes,27,EuropePMC; OpenAlex,title and abstract metadata
10.3390/math11030515,10.3390/math11030515,primary study,Sperm Abnormality Detection Using Sequential Deep Neural Network,Shahzad S; Ilyas M; Lali M; Rauf H; Kadry S; Nasr E,Mathematics,2023,peer-reviewed,Morphology; Detection/concentration; Datasets/benchmarks,YOLO family,1,0,0,yes,24,OpenAlex; SemanticScholar,title and abstract metadata
10.21037/tau-23-397,10.21037/tau-23-397,review article,Isolated teratozoospermia: revisiting its relevance in male infertility: a narrative review,Atmoko W; Savira M; Shah R; Chung E; Agarwal A,Translational Andrology and Urology,2024,peer-reviewed,Morphology; Motility/tracking; Viability/DFI,Other named backbone,1,0,0,yes,24,SemanticScholar,title and abstract metadata
10.1016/j.rbmo.2024.103910,10.1016/j.rbmo.2024.103910,primary study,Evaluation of an artificial intelligence-facilitated sperm detection tool in azoospermic samples for use in ICSI,Goss DM; Vasilescu SA; Vasilescu PA; Cooke S; Kim SH; Sacks GP; Gardner DK; Warkiani ME,Reproductive BioMedicine Online,2024,peer-reviewed,Morphology; Detection/concentration; Rare sperm/azoospermia; ICSI selection,CNN (generic term); YOLO family,1,0,0,yes,23,EuropePMC; OpenAlex; PubMed,title and abstract metadata
10.1002/aisy.202400141,10.1002/aisy.202400141,primary study,Morphology Classification of Live Unstained Human Sperm Using Ensemble Deep Learning,Shahali S; Murshed M; Spencer L; Tunc O; Pisarevski L; Conceicao J; McLachlan R; O’Bryan MK; Ackermann K; Zander‐Fox D; Neild A; Nosrati R,Advanced Intelligent Systems,2024,peer-reviewed,Morphology; ICSI selection,Ensemble / distillation,1,0,0,yes,22,SemanticScholar,title and abstract metadata
10.1038/s41598-023-41871-2,10.1038/s41598-023-41871-2,primary study,Sperm motility assessed by deep convolutional neural networks into WHO categories,Haugen TB; Witczak O; Hicks SA; Björndahl L; Andersen JM; Riegler MA,Scientific Reports,2023,peer-reviewed,Motility/tracking,CNN (generic term); ResNet,0,0,0,yes,22,EuropePMC; OpenAlex; PubMed; SemanticScholar,title and abstract metadata
10.1016/j.isci.2022.104644,10.1016/j.isci.2022.104644,primary study,motilitAI: A machine learning framework for automatic prediction of human sperm motility,Ottl S; Amiriparian S; Gerczuk M; Schuller BW,iScience,2022,peer-reviewed,Motility/tracking; Datasets/benchmarks,Family not specified in abstract,1,0,1,yes,22,EuropePMC; PubMed,title and abstract metadata
10.1016/j.fsigen.2021.102602,10.1016/j.fsigen.2021.102602,primary study,Sperm hunting on optical microscope slides for forensic analysis with deep convolutional networks – a feasibility study,Golomingi R; Haas C; Dobay A; Kottner S; Ebert L,Forensic Science International: Genetics,2022,peer-reviewed,Detection/concentration,CNN (generic term); Other named backbone,0,0,0,yes,22,OpenAlex; PubMed,title and abstract metadata
10.3390/s24113493,10.3390/s24113493,primary study,Sperm YOLOv8E-TrackEVD: A Novel Approach for Sperm Detection and Tracking,Zhang C; Zhang Y; Chang Z; Li C,Sensors,2024,peer-reviewed,Detection/concentration; Motility/tracking; Datasets/benchmarks,YOLO family,1,0,0,yes,19,EuropePMC; OpenAlex,title and abstract metadata
10.1093/biolre/ioae061,10.1093/biolre/ioae061,primary study,"Biomarker-based human and animal sperm phenotyping: the good, the bad and the ugly",Sutovsky P; Hamilton LE; Zigo M; Ortiz D’Avila Assumpção ME; Jones A; Tirpak F; Agca Y; Kerns K; Sutovsky M,Biology of Reproduction,2024,peer-reviewed,Viability/DFI,Family not specified in abstract,1,0,0,yes,19,EuropePMC; OpenAlex; PubMed,title and abstract metadata
10.3390/s23146613,10.3390/s23146613,primary study,A Dual Architecture Fusion and AutoEncoder for Automatic Morphological Classification of Human Sperm,Mahali MI; Leu JS; Darmawan JT; Avian C; Bachroin N; Prakosa SW; Faisal M; Putro NAS,Sensors,2023,peer-reviewed,Morphology; Datasets/benchmarks,Transformer / ViT; Other named backbone,1,0,0,yes,19,EuropePMC; OpenAlex; PubMed,title and abstract metadata
10.1109/access.2023.3290554,10.1109/access.2023.3290554,primary study,DeepFert: An Intelligent Fertility Rate Prediction Approach for Men Based on Deep Learning Neural Networks,Naseem S; Mahmood T; Saba T; Alamri FS; Bahaj SAO; Ateeq H; Farooq U,IEEE Access,2023,peer-reviewed,Morphology; Detection/concentration,CNN (generic term),1,0,0,yes,19,IEEEXplore(via OpenAlex); OpenAlex,title and abstract metadata
10.1186/s12938-023-01153-4,10.1186/s12938-023-01153-4,primary study,Human oocytes image classification method based on deep neural networks,Targosz A; Myszor D; Mrugacz G,BioMedical Engineering OnLine,2023,peer-reviewed,ICSI selection; Datasets/benchmarks,Family not specified in abstract,1,0,1,yes,17,EuropePMC; OpenAlex; PubMed,title and abstract metadata
10.1002/cyto.a.24703,10.1002/cyto.a.24703,primary study,Sperm‐cell <scp>DNA</scp> fragmentation prediction using label‐free quantitative phase imaging and deep learning,Noy L; Barnea I; Mirsky SK; Kamber D; Levi M; Shaked NT,Cytometry Part A,2023,peer-reviewed,Viability/DFI; ICSI selection,CNN (generic term); YOLO family; Other named backbone,1,0,0,yes,17,EuropePMC; PubMed,title and abstract metadata
10.4103/aja.aja_66_20,10.4103/aja.aja_66_20,primary study,A preliminary study of sperm identification in microdissection testicular sperm extraction samples with deep convolutional neural networks,Wu DJ; Badamjav O; Reddy VV; Eisenberg M; Behr B,Asian Journal of Andrology,2021,peer-reviewed,Detection/concentration; Motility/tracking; Rare sperm/azoospermia; Datasets/benchmarks,CNN (generic term); YOLO family,1,0,0,yes,17,EuropePMC; PubMed,title and abstract metadata
10.1038/s41598-024-82242-9,10.1038/s41598-024-82242-9,primary study,Novel GSIP: GAN-based sperm-inspired pixel imputation for robust energy image reconstruction,Mahmoud GM; Said W; Fadel MM; Elbaz M,Scientific Reports,2025,peer-reviewed,Detection/concentration; Motility/tracking; Datasets/benchmarks,GAN,0,0,0,yes,16,EuropePMC; OpenAlex,title and abstract metadata
10.1111/andr.13758,10.1111/andr.13758,primary study,Deep learning classification method for boar sperm morphology analysis,Keller A; Maus M; Keller E; Kerns K,Andrology,2025,peer-reviewed,Morphology; Detection/concentration; Motility/tracking; Viability/DFI; Datasets/benchmarks,CNN (generic term),1,0,0,yes,16,EuropePMC; OpenAlex; PubMed; SemanticScholar,title and abstract metadata
10.1109/access.2024.3521643,10.1109/access.2024.3521643,primary study,Hi-LabSpermMorpho: A Novel Expert-Labeled Dataset With Extensive Abnormality Classes for Deep Learning-Based Sperm Morphology Analysis,Aktas A; Serbes G; Huner Yigit M; Aydin N; Uzun H; Osman Ilhan H,IEEE Access,2024,peer-reviewed,Morphology; Datasets/benchmarks,Family not specified in abstract,1,0,0,yes,16,IEEEXplore(via OpenAlex); OpenAlex; SemanticScholar,title and abstract metadata
10.3390/computation13060132,10.3390/computation13060132,review article,Revolutionizing Sperm Analysis with AI: A Review of Computer-Aided Sperm Analysis Systems,Baldán FJ; García-Gil D; Fernandez-Basso C,Computation,2025,peer-reviewed,Morphology; Detection/concentration; Motility/tracking; Datasets/benchmarks,Family not specified in abstract,1,1,0,yes,16,OpenAlex,title and abstract metadata
10.1080/2090598x.2021.1926752,10.1080/2090598x.2021.1926752,review article,Novel methods to enhance surgical sperm retrieval: a systematic review,Kresch E; Efimenko I; Gonzalez D; Rizk PJ; Ramasamy R,Arab Journal of Urology,2021,peer-reviewed,Rare sperm/azoospermia; ICSI selection,Family not specified in abstract,1,0,0,yes,15,EuropePMC; PubMed,title and abstract metadata
10.48550/arxiv.2002.04034,10.48550/arxiv.2002.04034,primary study,Sperm Detection and Tracking in Phase-Contrast Microscopy Image Sequences using Deep Learning and Modified CSR-DCF,"Mohammad Reza Mohammadi, Mohammad Rahimzadeh, Abolfazl Attar",arXiv (Cornell University),2020,preprint,Detection/concentration; Motility/tracking,CNN (generic term); Other named backbone,1,0,0,no,15,OpenAlex; SemanticScholar; arXiv,title and abstract metadata
10.1016/j.csbj.2024.02.025,10.1016/j.csbj.2024.02.025,primary study,Multidimensional morphological analysis of live sperm based on multiple-target tracking,Yang H; Ma M; Chen X; Chen G; Shen Y; Zhao L; Wang J; Yan F; Huang D; Gao H; Jiang H; Zheng Y; Wang Y; Xiao Q; Chen Y; Zhou J; Shi J; Guo Y; Liang B; Teng X,Computational and Structural Biotechnology Journal,2024,peer-reviewed,Morphology; Detection/concentration; Motility/tracking,Other named backbone,1,0,0,yes,14,EuropePMC; OpenAlex; PubMed,title and abstract metadata
10.1371/journal.pone.0330914,10.1371/journal.pone.0330914,primary study,Deep feature engineering for accurate sperm morphology classification using CBAM-enhanced ResNet50,Kılıç Ş,PLOS One,2025,peer-reviewed,Morphology; Datasets/benchmarks,CNN (generic term); YOLO family; ResNet; Transformer / ViT; Ensemble / distillation,1,0,0,yes,13,EuropePMC; OpenAlex; PubMed; SemanticScholar,title and abstract metadata
10.1002/rmb2.12454,10.1002/rmb2.12454,primary study,A new deep‐learning model using YOLOv3 to support sperm selection during intracytoplasmic sperm injection procedure,Sato T; Kishi H; Murakata S; Hayashi Y; Hattori T; Nakazawa S; Mori Y; Hidaka M; Kasahara Y; Kusuhara A; Hosoya K; Hayashi H; Okamoto A,Reproductive Medicine and Biology,2022,peer-reviewed,Morphology; Detection/concentration; Motility/tracking; ICSI selection; Datasets/benchmarks,YOLO family,1,0,0,yes,13,EuropePMC; PubMed,title and abstract metadata
10.4103/jhrs.jhrs_4_23,10.4103/jhrs.jhrs_4_23,primary study,Deep Learning-Based Robust Automated System for Predicting Human Sperm DNA Fragmentation Index,Kumar RS; Sharma S; Halder A; Gupta V,Journal of Human Reproductive Sciences,2023,peer-reviewed,Detection/concentration; Viability/DFI; Datasets/benchmarks,YOLO family,1,0,0,yes,12,EuropePMC; OpenAlex; PubMed; SemanticScholar,title and abstract metadata
10.1109/tase.2024.3404488,10.1109/tase.2024.3404488,primary study,Automated Non-Invasive Analysis of Motile Sperms Using Sperm Feature-Correlated Network,Dai W; Wu Z; Liu R; Wu T; Wang M; Zhou J; Zhang Z; Liu J,IEEE Transactions on Automation Science and Engineering,2025,peer-reviewed,Morphology; Detection/concentration; Motility/tracking,CNN (generic term),1,0,0,yes,10,SemanticScholar,title and abstract metadata
10.1016/j.imu.2024.101459,10.1016/j.imu.2024.101459,primary study,Deep learning-based sperm motility and morphology estimation on stacked color-coded MotionFlow,Adinugroho S; Nakazawa A,Informatics in Medicine Unlocked,2024,peer-reviewed,Morphology; Motility/tracking; Datasets/benchmarks,Ensemble / distillation,1,0,0,yes,10,OpenAlex; SemanticScholar,title and abstract metadata
10.3390/ani13162622,10.3390/ani13162622,primary study,Deep Learning-Based Precision Analysis for Acrosome Reaction by Modification of Plasma Membrane in Boar Sperm,Park M; Yoon H; Kang BH; Lee H; An J; Lee T; Cheong HT; Lee SH,Animals,2023,peer-reviewed,Morphology; Detection/concentration; Datasets/benchmarks,CNN (generic term); ResNet; Other named backbone,1,0,0,yes,10,EuropePMC; OpenAlex; PubMed,title and abstract metadata
10.1093/hropen/hoaf024,10.1093/hropen/hoaf024,primary study,Automatic identification of human spermatozoa with zona pellucida-binding capability using deep learning,Leung ETY; Mei X; Lee BKM; Lam KKW; Lee CL; Li RHW; Ng EHY; Yeung WSB; Yu L; Chiu PCN,Human Reproduction Open,2025,peer-reviewed,Morphology; Datasets/benchmarks,YOLO family; Other named backbone,1,1,0,yes,9,EuropePMC; OpenAlex; PubMed; SemanticScholar,title and abstract metadata
10.3390/diagnostics15121564,10.3390/diagnostics15121564,primary study,Advanced Multi-Level Ensemble Learning Approaches for Comprehensive Sperm Morphology Assessment,Aktas A; Cap T; Serbes G; Ilhan HO; Uzun H,Diagnostics,2025,peer-reviewed,Morphology; ICSI selection; Datasets/benchmarks,CNN (generic term); Ensemble / distillation,1,0,0,yes,9,EuropePMC; OpenAlex; PubMed; SemanticScholar,title and abstract metadata
10.1007/s10815-022-02685-9,10.1007/s10815-022-02685-9,primary study,Advancements in the future of automating micromanipulation techniques in the IVF laboratory using deep convolutional neural networks,Jiang VS; Kartik D; Thirumalaraju P; Kandula H; Kanakasabapathy MK; Souter I; Dimitriadis I; Bormann CL; Shafiee H,Journal of Assisted Reproduction and Genetics,2023,peer-reviewed,Morphology; ICSI selection,CNN (generic term); YOLO family,1,0,0,yes,9,EuropePMC; PubMed,title and abstract metadata
10.14569/ijacsa.2022.0130486,10.14569/ijacsa.2022.0130486,primary study,Automatic Healthy Sperm Head Detection using Deep Learning,Mashaal AA; Eldosoky MAA; Mahdy LN; Ezzat KA,International Journal of Advanced Computer Science and Applications,2022,peer-reviewed,Detection/concentration; ICSI selection; Datasets/benchmarks,CNN (generic term); Other named backbone,1,0,0,yes,9,OpenAlex,title and abstract metadata
10.1186/s12958-024-01232-8,10.1186/s12958-024-01232-8,primary study,Testing the generalizability and effectiveness of deep learning models among clinics: sperm detection as a pilot study,Wang J; Jin Y; Jiang A; Chen W; Shan G; Gu Y; Ming Y; Li J; Yue C; Huang Z; Librach C; Lin G; Wang X; Zhao H; Sun Y; Zhang Z,Reproductive Biology and Endocrinology,2024,peer-reviewed,Detection/concentration; Datasets/benchmarks,Family not specified in abstract,1,1,0,yes,8,EuropePMC; OpenAlex; PubMed,title and abstract metadata
10.1002/aisy.202300161,10.1002/aisy.202300161,primary study,Location Prediction of Sperm Cells Using Long Short‐Term Memory Networks,Noy L; Barnea I; Dudaie M; Kamber D; Levi M; Shaked NT,Advanced Intelligent Systems,2023,peer-reviewed,Motility/tracking; ICSI selection,LSTM / RNN,1,0,0,yes,8,OpenAlex,title and abstract metadata
10.1109/wacv57701.2024.00750,10.1109/wacv57701.2024.00750,primary study,Automated Sperm Assessment Framework and Neural Network Specialized for Sperm Video Recognition,Fujii T; Nakagawa H; Takeshima T; Yumura Y; Hamagami T,2024 IEEE/CVF Winter Conference on Applications of Computer Vision (WACV),2024,peer-reviewed,Morphology; Motility/tracking; Datasets/benchmarks,Family not specified in abstract,1,0,1,yes,8,SemanticScholar,title and abstract metadata
10.1109/sibgrapi55357.2022.9991745,10.1109/sibgrapi55357.2022.9991745,primary study,Automated Sperm Head Morphology Classification with Deep Convolutional Neural Networks,Soares MAC; Falci DHM; Farnezi MFA; Farnezi HCM; Parreiras FS; Gomide JVB,"2022 35th SIBGRAPI Conference on Graphics, Patterns and Images (SIBGRAPI)",2022,peer-reviewed,Morphology; Datasets/benchmarks,CNN (generic term),1,0,1,yes,8,OpenAlex,title and abstract metadata
10.1080/21681163.2024.2347978,10.1080/21681163.2024.2347978,primary study,Less-supervised learning with knowledge distillation for sperm morphology analysis,Nabipour A; Shams Nejati MJ; Boreshban Y; Mirroshandel SA,Computer Methods in Biomechanics and Biomedical Engineering: Imaging &amp; Visualization,2024,peer-reviewed,Morphology; Detection/concentration; Datasets/benchmarks,Ensemble / distillation,1,0,0,yes,7,OpenAlex,title and abstract metadata
10.1017/s1431927622012132,10.1017/s1431927622012132,primary study,Fast Noninvasive Morphometric Characterization of Free Human Sperms Using Deep Learning,Liu G; Shi H; Zhang H; Zhou Y; Sun Y; Li W; Huang X; Jiang Y; Fang Y; Yang G,Microscopy and Microanalysis,2022,peer-reviewed,Morphology; Detection/concentration; Motility/tracking,Family not specified in abstract,1,0,0,yes,7,EuropePMC; PubMed,title and abstract metadata
10.14569/ijacsa.2022.0130752,10.14569/ijacsa.2022.0130752,primary study,Identification of Human Sperm based on Morphology Using the You Only Look Once Version 4 Algorithm,- A; Syarif A; - S; Lumbanraja FR; Hidayatullah A,International Journal of Advanced Computer Science and Applications,2022,peer-reviewed,Morphology; Detection/concentration; Datasets/benchmarks,YOLO family,1,0,0,yes,7,OpenAlex,title and abstract metadata
10.48550/arxiv.2101.02888,10.48550/arxiv.2101.02888,primary study,Predicting Semen Motility using three-dimensional Convolutional Neural Networks,"Priyansi Priyansi, Biswaroop Bhattacharjee, Junaid Rahim",arXiv (Cornell University),2021,preprint,Motility/tracking; Datasets/benchmarks,CNN (generic term),1,0,0,no,7,OpenAlex; arXiv,title and abstract metadata
10.1080/20565623.2025.2583010,10.1080/20565623.2025.2583010,primary study,Deep-learning based model for sperm morphology assessment using the SMD/MSS dataset,Abdelkefi O; Maalej R; Rebai T; Sellami A; Daoud S,Future Science OA,2025,peer-reviewed,Morphology; Motility/tracking; Datasets/benchmarks,CNN (generic term),0,0,0,yes,6,EuropePMC; OpenAlex; PubMed; SemanticScholar,title and abstract metadata
10.3390/jcm14020516,10.3390/jcm14020516,primary study,Predicting Semen Analysis Parameters from Testicular Ultrasonography Images Using Deep Learning Algorithms: An Innovative Approach to Male Infertility Diagnosis,Sagir L; Kaba E; Huner Yigit M; Tasci F; Uzun H,Journal of Clinical Medicine,2025,peer-reviewed,Morphology; Detection/concentration; Motility/tracking,Other named backbone,1,0,0,yes,6,EuropePMC; OpenAlex; PubMed; SemanticScholar,title and abstract metadata
10.3389/frai.2024.1376546,10.3389/frai.2024.1376546,primary study,A modified U-Net to detect real sperms in videos of human sperm cell,Saadat H; Sepehri MM; Borna MR; Maleki B,Frontiers in Artificial Intelligence,2024,peer-reviewed,Detection/concentration; Datasets/benchmarks,ResNet; U-Net,1,0,0,yes,6,EuropePMC; OpenAlex; PubMed,title and abstract metadata
10.1016/j.heliyon.2024.e26645,10.1016/j.heliyon.2024.e26645,primary study,Feature-based 3D+t descriptors of hyperactivated human sperm beat patterns,Hernández HO; Montoya F; Hernández-Herrera P; Díaz-Guerrero DS; Olveres J; Bloomfield-Gadêlha H; Darszon A; Escalante-Ramírez B; Corkidi G,Heliyon,2024,peer-reviewed,Motility/tracking; Datasets/benchmarks,Family not specified in abstract,1,0,0,yes,6,EuropePMC; OpenAlex; PubMed,title and abstract metadata
10.1109/ubmk59864.2023.10286635,10.1109/ubmk59864.2023.10286635,primary study,The Performance Analysis of Convolutional Neural Networks and Vision Transformers in the Classification of Sperm Morphology,Aktas A; Serbes G; Osman Ilhan H,2023 8th International Conference on Computer Science and Engineering (UBMK),2023,peer-reviewed,Morphology; Datasets/benchmarks,CNN (generic term); Transformer / ViT,1,0,0,yes,6,OpenAlex,title and abstract metadata
10.1007/s00521-023-08742-3,10.1007/s00521-023-08742-3,primary study,New conditional generative adversarial capsule network for imbalanced classification of human sperm head images,Jabbari H; Bigdeli N,Neural Computing and Applications,2023,peer-reviewed,,GAN,1,0,0,yes,6,OpenAlex,title and abstract metadata
10.3389/fcomp.2022.861495,10.3389/fcomp.2022.861495,primary study,A method for sperm activity analysis based on feature point detection network in deep learning,Chen Z; Yang J; Luo C; Zhang C,Frontiers in Computer Science,2022,peer-reviewed,Detection/concentration; Motility/tracking,Family not specified in abstract,0,0,0,yes,6,OpenAlex,title and abstract metadata
10.1093/humrep/deac107.106,10.1093/humrep/deac107.106,primary study,"P-110 A novel Artificial Intelligence Microscopy: Mojo AISA, the new way to perform semen analysis",Parrella A; Rubio Riquelme N; Van Os Galdos L; Vilella Amorós I; Jiménez Gadea M; Aizpurua J,Human Reproduction,2022,peer-reviewed,Detection/concentration; Motility/tracking,YOLO family,1,0,0,yes,6,OpenAlex,title and abstract metadata
10.1101/2021.05.11.443542,10.1101/2021.05.11.443542,primary study,"Simultaneous Morphology, Motility and Fragmentation Analysis of Live Individual Sperm Cells for Male Fertility Evaluation",Ben-Yehuda K; Mirsky SK; Levi M; Barnea I; Meshulach I; Kontente S; Benvaish D; Cur-Cycowicz R; Nygate YN; Shaked NT,bioRxiv,2021,preprint,Morphology; Motility/tracking; Viability/DFI,Family not specified in abstract,1,0,0,yes,6,EuropePMC; OpenAlex,title and abstract metadata
10.1093/humrep/deab130.104,10.1093/humrep/deab130.104,primary study,"P–105 Clinical validation of mojo AISA, an artificial intelligence robotic CASA system",Monteiro M; Thomas D; Maillot R; Simon Z; Björndahl L; Flanagan J; Taha M,Human Reproduction,2021,peer-reviewed,Detection/concentration; Motility/tracking; Datasets/benchmarks,CNN (generic term),1,0,0,yes,6,OpenAlex,title and abstract metadata
10.1109/tiptekno50054.2020.9299318,10.1109/tiptekno50054.2020.9299318,primary study,Morphological Classification of Low Quality Sperm Images Using Deep Learning Networks,Yuzkat M; Ilhan HO; Aydin N,2020 Medical Technologies Congress (TIPTEKNO),2020,peer-reviewed,Morphology; Detection/concentration; Motility/tracking; Datasets/benchmarks,CNN (generic term); Other named backbone,1,0,0,yes,6,OpenAlex,title and abstract metadata
10.1186/s12894-025-01946-w,10.1186/s12894-025-01946-w,primary study,Deep learning-based approach for sperm morphology analysis,Liang B; Wang M,BMC Urology,2025,peer-reviewed,Morphology,Family not specified in abstract,1,0,0,yes,5,EuropePMC; OpenAlex; PubMed; SemanticScholar,title and abstract metadata
10.1007/s10815-023-02784-1,10.1007/s10815-023-02784-1,primary study,Detection of spermatogonial stem/progenitor cells in prepubertal mouse testis with deep learning,Kahveci B; Önen S; Akal F; Korkusuz P,Journal of Assisted Reproduction and Genetics,2023,peer-reviewed,Detection/concentration; Motility/tracking,YOLO family,1,0,0,yes,5,EuropePMC; OpenAlex; PubMed,title and abstract metadata
10.1093/humrep/deac107.097,10.1093/humrep/deac107.097,primary study,P-101 Machine and Deep learning models to classify Comet assay tests for sperm DNA fragmentation evaluation,Serrano Berenguer L; Hincapié Monsalve S; Lara Cerrillo S; Rosado Iglesias C; Vegas Lozano E; Reverter Comes F; Ventura C; García Peiró A,Human Reproduction,2022,peer-reviewed,Viability/DFI; Datasets/benchmarks,CNN (generic term),1,0,0,yes,5,OpenAlex; SemanticScholar,title and abstract metadata
10.31590/ejosat.952561,10.31590/ejosat.952561,primary study,The Implementation of DCGAN in the Data Augmentation for the Sperm Morphology Datasets,BALAYEV K; GULUZADE N; AYGÜN S; O.İLHAN H,European Journal of Science and Technology,2021,peer-reviewed,Morphology; Datasets/benchmarks,CNN (generic term); GAN; Other named backbone,0,0,0,yes,5,OpenAlex,title and abstract metadata
10.3390/s25103093,10.3390/s25103093,primary study,Deep Learning Models for Multi-Part Morphological Segmentation and Evaluation of Live Unstained Human Sperm,Lei P; Saadat M; Hassani MG; Shu C,Sensors,2025,peer-reviewed,Morphology; Detection/concentration; Datasets/benchmarks,CNN (generic term); YOLO family; U-Net; R-CNN family,1,0,0,yes,4,EuropePMC; OpenAlex; PubMed,title and abstract metadata
10.3390/vetsci12101015,10.3390/vetsci12101015,primary study,Design and Implementation of a Deep Learning System to Analyze Bovine Sperm Morphology,Sevilla F; Araya-Zúñiga I; Méndez-Porras A; Alfaro-Velasco J; Jiménez-Delgado E; Silvestre MA; Molina-Montero R; Roldan ERS; Valverde A,Veterinary Sciences,2025,peer-reviewed,Morphology; Detection/concentration; Datasets/benchmarks,YOLO family,1,0,0,yes,4,EuropePMC; OpenAlex; PubMed; SemanticScholar,title and abstract metadata
10.1038/s41597-025-05177-4,10.1038/s41597-025-05177-4,primary study,3D+t Multifocal Imaging Dataset of Human Sperm,Montoya F; Bribiesca-Sánchez A; Hernández-Herrera P; Díaz-Guerrero DS; Gonzalez-Cota AL; Bloomfield-Gadelha H; Darszon A; Corkidi G,Scientific Data,2025,peer-reviewed,Morphology; Motility/tracking; Datasets/benchmarks,Family not specified in abstract,1,0,1,yes,4,EuropePMC; OpenAlex; PubMed,title and abstract metadata
10.4103/aja202480,10.4103/aja202480,primary study,Prediction of testicular histology in azoospermia patients through deep learning-enabled two-dimensional grayscale ultrasound,Hu JY; Lin ZZ; Ding L; Zhang ZX; Huang WL; Huang SS; Li B; Xie XY; Lu MD; Deng CH; Lin HT; Gao Y; Wang Z,Asian Journal of Andrology,2025,peer-reviewed,Rare sperm/azoospermia,Family not specified in abstract,1,0,0,yes,4,EuropePMC; OpenAlex; PubMed,title and abstract metadata
10.1007/s11042-024-20188-w,10.1007/s11042-024-20188-w,primary study,Advancements in automated sperm morphology analysis: a deep learning approach with comprehensive classification and model evaluation,Maalej R; Abdelkefi O; Daoud S,Multimedia Tools and Applications,2024,peer-reviewed,Morphology,Family not specified in abstract,0,0,0,yes,4,SemanticScholar,title and abstract metadata
10.3389/fvets.2023.1254940,10.3389/fvets.2023.1254940,primary study,Can in vitro embryo production be estimated from semen variables in Senepol breed by using artificial intelligence?,Campanholi SP; Garcia Neto S; Pinheiro GM; Nogueira MFG; Rocha JC; Losano JDdA; Siqueira AFP; Nichi M; Assumpção MEOD; Basso AC; Monteiro FM; Gimenes LU,Frontiers in Veterinary Science,2023,peer-reviewed,Morphology; Motility/tracking; Viability/DFI; ICSI selection,Family not specified in abstract,0,0,0,yes,4,EuropePMC; PubMed,title and abstract metadata
10.1101/2023.10.25.23297520,10.1101/2023.10.25.23297520,primary study,AI facilitated sperm detection in azoospermic samples for use in ICSI,Goss D; Vasilescu S; Vasilescu P; Cooke S; Kim S; Sacks G; Gardner D; Warkiani M,medRxiv,2023,preprint,Morphology; Detection/concentration; Rare sperm/azoospermia; ICSI selection,CNN (generic term); YOLO family,1,0,0,yes,4,OpenAlex,title and abstract metadata
10.1093/humrep/dead093.163,10.1093/humrep/dead093.163,primary study,O-136 Artificial intelligence to assist in surgical sperm detection and isolation,Goss D; Vasilescu S; Vasilescu P; Sacks G; Gardner D; Warkiani M,Human Reproduction,2023,peer-reviewed,Detection/concentration; Rare sperm/azoospermia; ICSI selection; Datasets/benchmarks,CNN (generic term); YOLO family,1,0,0,yes,4,OpenAlex,title and abstract metadata
10.1007/s44163-025-00420-8,10.1007/s44163-025-00420-8,review article,Investigating artificial intelligence in predicting and evaluating sperm and embryo quality in the in vitro fertilization (IVF): a systematic review,kaveh S; Ghaffari A; Sohrabei S,Discover Artificial Intelligence,2025,peer-reviewed,,Family not specified in abstract,1,0,0,yes,4,OpenAlex,title and abstract metadata
10.3390/diagnostics15172234,10.3390/diagnostics15172234,primary study,Category-Aware Two-Stage Divide-and-Ensemble Framework for Sperm Morphology Classification,Turkoglu AK; Serbes G; Uzun H; Aktas A; Yigit MH; Ilhan HO,Diagnostics,2025,peer-reviewed,Morphology; Detection/concentration; Datasets/benchmarks,Transformer / ViT; Ensemble / distillation,1,0,0,yes,3,EuropePMC; OpenAlex; PubMed,title and abstract metadata
10.1111/andr.13773,10.1111/andr.13773,primary study,Rapid detection of mouse spermatogenic defects by testicular cellular composition analysis via enhanced deep learning model,Ao N; Zang M; Lu Y; Jiao Y; Lu H; Cai C; Wang X; Li X; Xie M; Zhao T; Xu J; Xu EY,Andrology,2025,peer-reviewed,Detection/concentration; Datasets/benchmarks,Family not specified in abstract,1,0,0,yes,3,EuropePMC; PubMed,title and abstract metadata
10.1002/aisy.202500115,10.1002/aisy.202500115,primary study,Hi‐LabSpermTracking: A Novel and High‐Quality Sperm Tracking Dataset with an Advanced Ensemble Detection and Tracking Approach for Real‐World Clinical Scenarios,Aktas A; Serbes G; Uzun H; Yigit MH; Aydin N; Ilhan HO,Advanced Intelligent Systems,2025,peer-reviewed,Detection/concentration; Motility/tracking; Datasets/benchmarks,YOLO family; Transformer / ViT; Ensemble / distillation,1,0,0,yes,3,OpenAlex,title and abstract metadata
10.3390/ani13101596,10.3390/ani13101596,primary study,Machine Learning Approach for Muscovy Duck (Cairina moschata) Semen Quality Assessment,Abadjieva D; Georgiev B; Gerzilov V; Tsvetkova I; Taushanova P; Todorova K; Hayrabedyan S,Animals,2023,peer-reviewed,Morphology; Motility/tracking; Viability/DFI,Family not specified in abstract,0,0,0,yes,3,OpenAlex; PubMed,title and abstract metadata
10.14569/ijacsa.2023.0140282,10.14569/ijacsa.2023.0140282,primary study,Classification of Human Sperms using ResNet-50 Deep Neural Network,Mashaal AA; Eldosoky MAA; Mahdy LN; Ezzat KA,International Journal of Advanced Computer Science and Applications,2023,peer-reviewed,Detection/concentration; ICSI selection,YOLO family; ResNet,1,0,0,yes,3,OpenAlex,title and abstract metadata
10.47829/acmcr.2025.141103,10.47829/acmcr.2025.141103,review article,A New Perspective on Sperm Analysis Through Artificial Intelligence: The Path Toward Personalized Reproductive Medicine,A G; T B,Annals of Clinical and Medical Case Reports,2025,peer-reviewed,Morphology; Detection/concentration; Motility/tracking; Point-of-care,Family not specified in abstract,1,0,0,yes,3,OpenAlex; SemanticScholar,title and abstract metadata
10.1007/s11517-025-03418-7,10.1007/s11517-025-03418-7,primary study,Deep learning-based morphological analysis of human sperm,Xu Y; Chen Y; Zhang B; Yan Y; Liao H; Liu R,Medical &amp; Biological Engineering &amp; Computing,2026,peer-reviewed,Morphology; Detection/concentration; Motility/tracking,YOLO family,1,0,0,yes,2,EuropePMC; OpenAlex; PubMed,title and abstract metadata
10.11113/mjfas.v20n2.3263,10.11113/mjfas.v20n2.3263,primary study,Multimodal Convolutional Neural Networks for Sperm Motility and Concentration Predictions,Goh VH; Mansor MA; As'ari MA; Ismail LH,Malaysian Journal of Fundamental and Applied Sciences,2024,peer-reviewed,Detection/concentration; Motility/tracking,CNN (generic term); ResNet; Ensemble / distillation,1,0,0,yes,2,OpenAlex,title and abstract metadata
10.1109/access.2024.3443179,10.1109/access.2024.3443179,primary study,Estimation of Multi-Expert Sperm Assessments Using Video Recognition Based Model Trained by EMD Loss,Nakagawa H; Fujii T; Yumura Y; Tomoki Hamagami a,IEEE Access,2024,peer-reviewed,Morphology; Motility/tracking; ICSI selection; Datasets/benchmarks,ResNet,1,0,0,yes,2,IEEEXplore(via OpenAlex); OpenAlex,title and abstract metadata
10.1109/iecbes61011.2024.10990869,10.1109/iecbes61011.2024.10990869,primary study,Automated Sperm Morphology Analysis with Deep Learning and Feature Extraction,Nguyen VD; Ha Ngo TT; Duong LM,2024 IEEE-EMBS Conference on Biomedical Engineering and Sciences (IECBES),2024,peer-reviewed,Morphology,ResNet; Other named backbone,1,0,0,yes,2,SemanticScholar,title and abstract metadata
10.1109/atsip62566.2024.10638940,10.1109/atsip62566.2024.10638940,primary study,Deep Characterization For Sperm Analysis: Leveraging A Novel Dataset To Enhance Motility Assessments,Tiab I; Belaid A; Yahiaoui S; Belazzougui D; Hafsi N; Iguer-Ouada M,"2024 IEEE 7th International Conference on Advanced Technologies, Signal and Image Processing (ATSIP)",2024,peer-reviewed,Morphology; Detection/concentration; Motility/tracking; Datasets/benchmarks,YOLO family; Other named backbone,0,0,0,yes,2,SemanticScholar,title and abstract metadata
10.1109/isbi53787.2023.10230550,10.1109/isbi53787.2023.10230550,primary study,TOD-Net: Transformer-Based Neural Network for Tiny Object Detection in Sperm Microscopic Videos,Zhang J; Zou S; Li C; Yao Y; Rahaman M; Qian W; Sun H; Grzegorzek M; Wang G,2023 IEEE 20th International Symposium on Biomedical Imaging (ISBI),2023,peer-reviewed,Detection/concentration; Datasets/benchmarks,Transformer / ViT,1,0,0,yes,2,SemanticScholar,title and abstract metadata
10.1109/icicyta57421.2022.10037950,10.1109/icicyta57421.2022.10037950,primary study,3D Convolutional Neural Networks for Sperm Motility Prediction,Goh VH; As'Ari MAB; Ismail LHB,2022 2nd International Conference on Intelligent Cybernetics Technology &amp; Applications (ICICyTA),2022,peer-reviewed,Motility/tracking,CNN (generic term); Ensemble / distillation,1,0,1,yes,2,OpenAlex; SemanticScholar,title and abstract metadata
10.21203/rs.3.rs-2373921/v1,10.21203/rs.3.rs-2373921/v1,primary study,Sperm motility assessed by deep convolutional neural networks into WHO categories,Haugen TB; Witczak O; Hicks SA; Björndahl L; Andersen JM; Riegler M,Research Square,2022,preprint,Motility/tracking,CNN (generic term); ResNet,1,0,0,yes,2,OpenAlex,title and abstract metadata
10.48550/arxiv.2311.05927,10.48550/arxiv.2311.05927,primary study,Automated Sperm Assessment Framework and Neural Network Specialized for Sperm Video Recognition,"Takuro Fujii, Hayato Nakagawa, Teppei Takeshima, Yasushi Yumura, Tomoki Hamagami",arXiv (Cornell University),2023,preprint,Morphology; Motility/tracking; Datasets/benchmarks,Family not specified in abstract,1,0,0,no,2,OpenAlex; arXiv,title and abstract metadata
10.1093/humrep/deag005,10.1093/humrep/deag005,primary study,Refined trajectory smoothing and deep learning classification of human sperm motility,Shahali S; Mortimer ST; McLachlan R; O’Bryan MK; Zander-Fox D; Mortimer D; Ackermann K; Neild A; Nosrati R,Human Reproduction,2026,peer-reviewed,Motility/tracking; ICSI selection; Datasets/benchmarks,Ensemble / distillation,1,1,0,yes,1,EuropePMC; PubMed; SemanticScholar,title and abstract metadata
10.1016/j.scijus.2025.101370,10.1016/j.scijus.2025.101370,primary study,Automated microscopy in forensic biology: Validating the use of deep neural networks for the detection of human spermatozoa in Christmas Tree stained slides,Topping DC; Tran T; Hymus CM; Mountford NS; Liew YC; Egan SE; Cooper PL,Science &amp; Justice,2026,peer-reviewed,Detection/concentration,Family not specified in abstract,1,0,0,yes,1,EuropePMC; PubMed; SemanticScholar,title and abstract metadata
10.3390/app16021067,10.3390/app16021067,primary study,AI-Powered Fertility Insights: An Automated Human Sperm Analysis via Deep Learning,Trinh ST; Nguyen NN; Trinh TQ; Trinh V,Applied Sciences,2026,peer-reviewed,Morphology; Detection/concentration; Motility/tracking,Family not specified in abstract,1,0,0,yes,1,OpenAlex; SemanticScholar,title and abstract metadata
10.48084/etasr.15363,10.48084/etasr.15363,primary study,A Convolutional Neural Network Model with Feature Fusion for Sperm Morphology Classification,Tempola F; Ardiansyah; Salmin M; Refialy LP,"Engineering, Technology &amp; Applied Science Research",2026,peer-reviewed,Morphology; Datasets/benchmarks,CNN (generic term),0,0,0,yes,1,OpenAlex,title and abstract metadata
10.4103/aja202545,10.4103/aja202545,primary study,Integrated subcellular localization of functional fluorescence probes and functional analysis in motile spermatozoa by an AI-enhanced algorithm,Wei YZ; Nong YX; Wu SX; Yang XX; Chen YX; Yu KK; Zhu HY; Shan XD; Zhi WW; Bian A; Xu WM,Asian Journal of Andrology,2026,peer-reviewed,Detection/concentration; Datasets/benchmarks,YOLO family,1,0,0,yes,1,EuropePMC; OpenAlex; PubMed,title and abstract metadata
10.2991/978-94-6463-730-4_6,10.2991/978-94-6463-730-4_6,primary study,Classification of Human Sperm Based on Morphology Using Densely Connected Convolutional Networks,Aristoteles A; Syarif A; Shofiana DA; Azizah I,Advances in Physics Research,2025,peer-reviewed,Morphology; Datasets/benchmarks,CNN (generic term),1,0,0,yes,1,OpenAlex,title and abstract metadata
10.63075/y9ehs956,10.63075/y9ehs956,primary study,&lt;b&gt;Sperm Morphology Classification Using Xception-CBAM: A Deep Learning Approach on the SMIDS Dataset&lt;/b&gt;,Ibadullah*; Muhammad Salih Tanveer; Murad khan; Hayat ur rahman,Annual Methodological Archive Research Review,2025,peer-reviewed,Morphology; Datasets/benchmarks,CNN (generic term),1,0,0,yes,1,OpenAlex,title and abstract metadata
10.1002/aisy.202500441,10.1002/aisy.202500441,primary study,Loss‐Based Ensemble Generative Adversarial Network Model for Enhancing the Sperm Morphology Classification,Cansiz B; Ilhan HO; Serbes G,Advanced Intelligent Systems,2026,peer-reviewed,Morphology; Datasets/benchmarks,Transformer / ViT; GAN; Ensemble / distillation,0,0,0,yes,1,OpenAlex,title and abstract metadata
10.23919/ist-africa67297.2025.11060550,10.23919/ist-africa67297.2025.11060550,primary study,"Hybrid Deep Learning Model for Spermatozoa Movement Analysis and Male Infertility Diagnosis Using U-Net, Yolov8, and Deepsort",Lopuran F; Gikunda P; Moso J,2025 IST-Africa Conference (IST-Africa),2025,peer-reviewed,Detection/concentration; Motility/tracking; Datasets/benchmarks,YOLO family; U-Net; Other named backbone,1,0,0,yes,1,SemanticScholar,title and abstract metadata
10.1109/access.2025.3552792,10.1109/access.2025.3552792,primary study,Sperm Detection and Tracking Model Using HDE Transformer With Spatio-Temporal Deformable Attention for Sperm Analysis Automation,Kosuge S; Hamagami T,IEEE Access,2025,peer-reviewed,Detection/concentration; Motility/tracking; Datasets/benchmarks,Transformer / ViT,1,0,0,yes,1,IEEEXplore(via OpenAlex),title and abstract metadata
10.1016/j.rbmo.2024.104060,10.1016/j.rbmo.2024.104060,primary study,Sperm motility assessed by deep convolutional neural networks,Andersen J; Witczak O; Due E; Hicks S; Thambawita V; Björndahl L; Riegler M; Haugen T,Reproductive BioMedicine Online,2024,peer-reviewed,Motility/tracking,CNN (generic term),0,0,0,yes,1,OpenAlex,title and abstract metadata
10.1364/3d.2024.jm4a.6,10.1364/3d.2024.jm4a.6,primary study,Quantitative phase imaging and machine learning for spermatozoa analysis,Butola A; Hellberg S; Nystad M; Agarwal K,"Optica Imaging Congress 2024 (3D, AOMS, COSI, ISA, pcAOP)",2024,peer-reviewed,Viability/DFI,Family not specified in abstract,0,0,0,yes,1,OpenAlex,title and abstract metadata
10.5505/pajes.2023.89346,10.5505/pajes.2023.89346,primary study,Detection of human sperm cells using deep learning-based object detection methods,Yuzkat M; İlhan H; Aydın N,Pamukkale University Journal of Engineering Sciences,2024,peer-reviewed,Detection/concentration,CNN (generic term); YOLO family; R-CNN family,1,0,0,yes,1,OpenAlex,title and abstract metadata
10.1093/humrep/deae108.424,10.1093/humrep/deae108.424,primary study,P-047 Sperm moving pattern analysis with artificial intelligence solution predicts aneuploidy ratios of zygotes,Mun Young L; Yun Dong G; Jin Y; Min Jung C; Yu Jin K; Sangyong J; Jung Jae K; Jin Young P; Hoon J; Dea Keun K; Lee JH,Human Reproduction,2024,peer-reviewed,Detection/concentration; Motility/tracking,YOLO family; Other named backbone,1,0,0,yes,1,OpenAlex,title and abstract metadata
10.1093/humrep/deae108.411,10.1093/humrep/deae108.411,primary study,P-034 Revolutionizing sperm morphology assessment: A novel artificial intelligence optic microscope (AIOM)-powered platform for consistent and reliable analysis in male infertility diagnosis,Chang A; Yang YC; Henthorn D; Cheng YS,Human Reproduction,2024,peer-reviewed,Morphology; Detection/concentration; Motility/tracking; Datasets/benchmarks,Family not specified in abstract,1,0,0,yes,1,OpenAlex; SemanticScholar,title and abstract metadata
10.1145/3686490.3686499,10.1145/3686490.3686499,primary study,Study on Sperm Morphology Analysis Using Deep Learning,Jiao W; Li Y; Lv L,Proceedings of the 2024 7th International Conference on Signal Processing and Machine Learning,2024,peer-reviewed,Morphology; Detection/concentration; Datasets/benchmarks,Family not specified in abstract,1,0,0,yes,1,SemanticScholar,title and abstract metadata
10.1117/12.2665319,10.1117/12.2665319,primary study,RECASA: real-time computer-assisted sperm analysis,Hernández-Ferrándiz D; Oliva-Wilkinson I; Pantrigo JJ; Cabido R,"Real-time Processing of Image, Depth and Video Information 2023",2023,peer-reviewed,Morphology; Detection/concentration; Motility/tracking; Viability/DFI,Family not specified in abstract,0,0,0,yes,1,OpenAlex,title and abstract metadata
10.18287/2412-6179-co-1060,10.18287/2412-6179-co-1060,primary study,Automatic segmentation of intracytoplasmic sperm injection images,Kovalev V; Shishkin A,Computer Optics,2022,peer-reviewed,,CNN (generic term),0,0,0,yes,1,OpenAlex,title and abstract metadata
10.1101/2021.11.14.468543,10.1101/2021.11.14.468543,primary study,Deep Learning-based Automated Rare Sperm Identification from Testes Biopsies,Lee R; Witherspoon L; Robinson M; Lee JH; Duffy SP; Flannigan R; Ma H,bioRxiv,2021,preprint,Morphology; Detection/concentration; Motility/tracking; Rare sperm/azoospermia; ICSI selection,CNN (generic term); U-Net,1,0,0,yes,1,OpenAlex,title and abstract metadata
10.1093/humrep/deab130.028,10.1093/humrep/deab130.028,primary study,P–029 Identification of spermatozoa by unsupervised learning from video data,Thambawita V; Haugen TB; Stensen MH; Witczak O; Hammer HL; Halvorsen P; Riegler MA,Human Reproduction,2021,peer-reviewed,Detection/concentration; Motility/tracking; Datasets/benchmarks,GAN,1,0,1,yes,1,OpenAlex,title and abstract metadata
10.21203/rs.2.21320/v1,10.21203/rs.2.21320/v1,primary study,The study of sperm head vacuoles using deep learning algorithm and its correlation with protamine mRNA ratio,Ghasemian F; Bahadori MH; Kolkooh SZH; Esmaeili M,,2020,peer-reviewed,Morphology; Viability/DFI; ICSI selection,Family not specified in abstract,1,0,0,yes,1,OpenAlex,title and abstract metadata
10.48550/arxiv.2301.06002,10.48550/arxiv.2301.06002,primary study,ACTIVE: A Deep Model for Sperm and Impurity Detection in Microscopic Videos,"Ao Chen, Jinghua Zhang, Md Mamunur Rahaman, Hongzan Sun, M. D., Tieyong Zeng, Marcin Grzegorzek, Fenglei Fan, Chen Li",arXiv (Cornell University),2023,preprint,Morphology; Detection/concentration,Family not specified in abstract,0,0,0,no,1,OpenAlex; arXiv,title and abstract metadata
10.48550/arxiv.2212.02842,10.48550/arxiv.2212.02842,primary study,"VISEM-Tracking, a human spermatozoa tracking dataset","Vajira Thambawita, Steven A. Hicks, Andrea M. Storås, Thu Nguyen, Jorunn M. Andersen, Oliwia Witczak, Trine B. Haugen, Hugo L. Hammer, Pål Halvorsen, Michael A. Riegler",arXiv (Cornell University),2022,preprint,Detection/concentration; Motility/tracking; Datasets/benchmarks,YOLO family,1,0,0,no,1,OpenAlex,title and abstract metadata
10.5281/zenodo.4303768,10.5281/zenodo.4303768,primary study,EVISAN – a dataset for multi-sperm detection and tracking algorithm development,Yimo Yan,Zenodo (CERN European Organization for Nuclear Research),2020,peer-reviewed,Detection/concentration; Motility/tracking; Datasets/benchmarks,Family not specified in abstract,1,0,0,no,1,OpenAlex,title and abstract metadata
10.5281/zenodo.4303767,10.5281/zenodo.4303767,primary study,EVISAN – a dataset for multi-sperm detection and tracking algorithm development,Yimo Yan,Zenodo (CERN European Organization for Nuclear Research),2020,peer-reviewed,Detection/concentration; Motility/tracking; Datasets/benchmarks,Family not specified in abstract,1,0,0,no,1,OpenAlex,title and abstract metadata
10.1016/j.fertnstert.2026.04.011,10.1016/j.fertnstert.2026.04.011,primary study,High-throughput imaging cytometry paired with artificial intelligence identifies ultrarare sperm in men previously diagnosed with clinical azoospermia,Stocks B; Boyne A; Oppenheimer A; Salmon K; Kohn T; Saffati G; Hernandez B; Badal J; Khera M; Lipshultz L,Fertility and Sterility,2026,peer-reviewed,Morphology; Detection/concentration; Rare sperm/azoospermia,CNN (generic term),1,0,0,yes,0,EuropePMC; PubMed,title and abstract metadata
10.1097/mou.0000000000001430,10.1097/mou.0000000000001430,primary study,AI-based techniques in sperm detection,Gemmell LC; Suryawanshi H; Williams Z,Current Opinion in Urology,2026,peer-reviewed,Detection/concentration; Rare sperm/azoospermia; Point-of-care,YOLO family,1,0,0,yes,0,EuropePMC; PubMed,title and abstract metadata
10.1038/s41598-026-50401-9,10.1038/s41598-026-50401-9,primary study,An advanced YOLO-based image processing framework for automated sperm cell detection,Prabaharan L; Sivapathi A; Gowri L,Scientific Reports,2026,peer-reviewed,Morphology; Detection/concentration,CNN (generic term); YOLO family,1,0,0,yes,0,EuropePMC; PubMed,title and abstract metadata
10.3389/fvets.2026.1772252,10.3389/fvets.2026.1772252,primary study,"Performance comparison of YOLO, Faster R-CNN, and HRNet architectures for bull sperm viability assessment",Öztürk AE; Bahar Fİ; Atay YE; Bodu M; Güngör G,Frontiers in Veterinary Science,2026,peer-reviewed,Detection/concentration; Viability/DFI,CNN (generic term); YOLO family; R-CNN family,1,0,0,yes,0,EuropePMC; PubMed,title and abstract metadata
10.4103/aja202544,10.4103/aja202544,primary study,Unraveling sperm kinematic heterogeneity with machine learning,Aragón-Martínez A,Asian Journal of Andrology,2026,peer-reviewed,Motility/tracking; Datasets/benchmarks,Family not specified in abstract,0,0,1,yes,0,EuropePMC; PubMed,title and abstract metadata
10.3390/bioengineering13010102,10.3390/bioengineering13010102,primary study,AI-Based Augmented Reality Microscope for Real-Time Sperm Detection and Tracking in Micro-TESE,Mohamed M; Yuriko E; Kawagoe Y; Kawamura K; Ikeuchi M,Bioengineering,2026,peer-reviewed,Detection/concentration; Motility/tracking; Rare sperm/azoospermia,YOLO family; Other named backbone,1,0,0,yes,0,EuropePMC; PubMed,title and abstract metadata
10.3390/life16030438,10.3390/life16030438,primary study,Adaptive Logit Fusion for Mitigating Class Imbalance in Multi-Category Sperm Morphology Assessment,Özge EC; Ilhan HO; Serbes G; Uzun H; Karaca AC; Huner Yigit M,Life,2026,peer-reviewed,Morphology,CNN (generic term); ResNet; Ensemble / distillation,0,0,0,yes,0,EuropePMC; PubMed,title and abstract metadata
10.1016/j.jare.2025.03.059,10.1016/j.jare.2025.03.059,primary study,Development and validation of a deep learning model based on cascade mask regional convolutional neural network to noninvasively and accurately identify human round spermatids,Sun Y; Shao S; Huang J; Shi H; Yan L; Lu Y; Liu P; Jiang Y; Qiao J; Zhang L,Journal of Advanced Research,2026,peer-reviewed,Detection/concentration,CNN (generic term); R-CNN family,1,0,0,yes,0,EuropePMC; PubMed,title and abstract metadata
10.1016/j.cmpb.2025.109132,10.1016/j.cmpb.2025.109132,primary study,AndroGen: Open-source synthetic data generation for automated sperm analysis,Hernández-Ferrándiz D; Pantrigo JJ; Montalvo S; Cabido R,Computer Methods and Programs in Biomedicine,2026,peer-reviewed,Morphology; Datasets/benchmarks,Other named backbone,0,0,1,yes,0,EuropePMC; PubMed,title and abstract metadata
10.3390/diagnostics16081230,10.3390/diagnostics16081230,primary study,A Multi-Teacher Knowledge Distillation Framework for Enhancing the Robustness of Automated Sperm Morphology Assessment,Tutay OE; Ilhan HO; Uzun H; Huner Yigit M; Serbes G,Diagnostics,2026,peer-reviewed,Morphology; Datasets/benchmarks,Ensemble / distillation,1,0,0,yes,0,EuropePMC; PubMed,title and abstract metadata
10.1039/d5lc01122a,10.1039/d5lc01122a,primary study,High-throughput label-free assessment of sperm DNA fragmentation index <i>via</i> intelligent morphological imaging,Jin Y; Zou Y; Weng Y; Ye Z; Chen X; Liu Z; Yin T; Liu S; Zhang Y; Lei C,Lab on a Chip,2026,peer-reviewed,Morphology; Viability/DFI,CNN (generic term),1,0,0,yes,0,EuropePMC; PubMed,title and abstract metadata
10.1186/s12859-026-06478-0,10.1186/s12859-026-06478-0,primary study,A two-stage sperm holomorphological analysis method based on multi-output network construction,Jiao W; Hu M; Wang B; Wang G; Li Y; Qi J,BMC Bioinformatics,2026,peer-reviewed,Morphology; Detection/concentration; Datasets/benchmarks,U-Net,1,0,0,yes,0,EuropePMC; PubMed,title and abstract metadata
10.21203/rs.3.rs-8701642/v1,10.21203/rs.3.rs-8701642/v1,primary study,Non-Obstructive Azoospermia Prediction via Deep Learning-Driven Testicular Ultrasound Image Analysis: A Clinical Validation Study,Chen A; Zhang Y; Lu G; Wang L; Liang R; Zhou Q; Jiang J; Wang J,Research Square,2026,preprint,Rare sperm/azoospermia,Family not specified in abstract,1,1,0,yes,0,EuropePMC,title and abstract metadata
10.1088/2057-1976/ae4eed,10.1088/2057-1976/ae4eed,primary study,Exploration and performance analysis of deep learning applications in spermatic vein ultrasound segmentation,Hu Y; Zou P; Yan R; Zeng X; Wang Q,Biomedical Physics &amp; Engineering Express,2026,peer-reviewed,Datasets/benchmarks,U-Net,1,0,0,yes,0,EuropePMC; PubMed,title and abstract metadata
10.1371/journal.pone.0337245,10.1371/journal.pone.0337245,primary study,Automated spermatogenic staging in periodic acid-Schiff-stained testes of Sprague–Dawley rats using a deep learning model for normal and atrophied tissues,Kim DM; Rho JH; Wee SY; Son HY,PLOS One,2026,peer-reviewed,Detection/concentration,CNN (generic term),1,0,0,yes,0,PubMed,title and abstract metadata
10.1016/j.scijus.2025.101377,10.1016/j.scijus.2025.101377,primary study,Corrigendum to “Automated microscopy in forensic biology: Validating the use of deep neural networks for the detection of human spermatozoa in Christmas Tree stained slides”. [Sci. Just. 66(1) (2026) 101370],Topping DC; Tran T; Hymus CM; Mountford NS; Liew YC; Egan SE; Cooper PL,Science &amp; Justice,2026,peer-reviewed,Detection/concentration,Family not specified in abstract,1,0,0,yes,0,PubMed,title and abstract metadata
10.1109/pais69842.2026.11605240,10.1109/pais69842.2026.11605240,primary study,FertiLearn: Deep Learning for Automatic Sperm Morphology Classification and Genetic Abnormality Detection,Aliouane SE; Bendahmane A; Chehili H; Boulahrouf K; Bensaada M; Hamidechi MA,2026 8th International Conference on Pattern Analysis and Intelligent Systems (PAIS),2026,peer-reviewed,Morphology; Detection/concentration; Point-of-care; Datasets/benchmarks,CNN (generic term),1,0,0,yes,0,SemanticScholar,title and abstract metadata
10.31718/2077-1096.26.2.125,10.31718/2077-1096.26.2.125,primary study,SPERM HEAD SEGMENTATION IN MICROSCOPIC IMAGES USING A U-NET MODEL,Hula ID,Актуальні проблеми сучасної медицини: Вісник Української медичної стоматологічної академії,2026,peer-reviewed,Morphology; Datasets/benchmarks,U-Net,1,0,0,yes,0,SemanticScholar,title and abstract metadata
10.1039/d5lc00389j,10.1039/d5lc00389j,primary study,Analysis of sperm beating characteristics using microfluidic trapping and machine-learning-based flagellum tracking,Hamidu A; Abdelgawad O; Azmeer A; Abdelgawad M,Lab on a Chip,2025,peer-reviewed,Detection/concentration; Motility/tracking; Point-of-care; Datasets/benchmarks,YOLO family,1,0,0,yes,0,EuropePMC; PubMed,title and abstract metadata
10.1038/s41598-025-26465-4,10.1038/s41598-025-26465-4,primary study,Multi-object sperm detection and tracking based on enhanced YOLOv4 and improved DeepSORT,Pei J; Yang Z; Zhao Y; Tian M; Zeng N; Kang X; Wu J; Yang X,Scientific Reports,2025,peer-reviewed,Detection/concentration; Motility/tracking,YOLO family; ResNet; Other named backbone,1,0,0,yes,0,EuropePMC,title and abstract metadata
10.7717/peerj-cs.3173,10.7717/peerj-cs.3173,primary study,Unveiling the capabilities of vision transformers in sperm morphology analysis: a comparative evaluation,Aktas A; Serbes G; Ilhan HO,PeerJ Computer Science,2025,peer-reviewed,Morphology; Motility/tracking; Datasets/benchmarks,CNN (generic term); Transformer / ViT,1,0,0,yes,0,EuropePMC; PubMed,title and abstract metadata
10.20944/preprints202503.1877.v1,10.20944/preprints202503.1877.v1,primary study,Exploration of the Clinical Application of Multimodal Artificial Intelligence in Sperm Screening: Identifying Opportunities and Addressing Challenges,Cui J,Preprints.org,2025,preprint,Morphology; ICSI selection,Family not specified in abstract,1,0,0,yes,0,EuropePMC,title and abstract metadata
10.1007/s10815-025-03589-0,10.1007/s10815-025-03589-0,primary study,An efficient advanced YOLOv8 framework for sperm motility detection,Li C; Xia W; Li A; Gao L; Zhang C; Zhi E; Li Z,Journal of Assisted Reproduction and Genetics,2025,peer-reviewed,Detection/concentration; Motility/tracking; Datasets/benchmarks,YOLO family,1,0,0,yes,0,EuropePMC; PubMed,title and abstract metadata
10.1016/j.rbmo.2025.105360,10.1016/j.rbmo.2025.105360,primary study,Artificial intelligence-driven oocyte scores are associated with early morphokinetics and embryo outcomes after intracytoplasmic sperm injection,Fujiwara N; Ezoe K; Miki T; Takahashi T; Vanzella L; Mercuri N; Fjeldstad J; Mojiri P; Nayot D; Kuroda T; Kato K,Reproductive BioMedicine Online,2026,peer-reviewed,Morphology; ICSI selection; Datasets/benchmarks,Family not specified in abstract,1,0,0,yes,0,EuropePMC; PubMed,title and abstract metadata
10.1201/9781032648705-7,10.1201/9781032648705-7,primary study,"DCNN-SMD: A Deep Convolutional Neural Network Model to Diagnosis, Prognosis, and Characterise Sperm Morphology",Nafi AAN; Hasan MI; Mahbub NI; Hossain MA; Islam MZ,Data Driven Applications for Industry 4.0 and Beyond,2025,peer-reviewed,Morphology; Datasets/benchmarks,CNN (generic term),1,0,0,yes,0,OpenAlex,title and abstract metadata
10.1098/rsif.2025.0160,10.1098/rsif.2025.0160,primary study,Single-cell three-dimensional tracking by means of neural networks for sperm rolling classification,De Clemente C; Maremonti MI; Dannhauser D; Netti PA; Causa F,Journal of the Royal Society Interface,2025,peer-reviewed,Morphology; Detection/concentration; Motility/tracking; Viability/DFI,CNN (generic term),1,0,0,yes,0,PubMed; SemanticScholar,title and abstract metadata
10.1038/s41598-025-23733-1,10.1038/s41598-025-23733-1,primary study,Predicting mesoscale movement of sperm whale units in the Caribbean based on social dynamics,Mevorach Y; Maalouf A; Gubnitsky G; Tønnesen P; Gruber DF; Rus D; Tchernov D; Gero S,Scientific Reports,2025,peer-reviewed,Detection/concentration,LSTM / RNN,0,0,0,yes,0,PubMed,title and abstract metadata
10.1016/j.forsciint.2025.112667,10.1016/j.forsciint.2025.112667,primary study,Enhanced semen stain detection through the synergistic integration of a prototype artificial intelligence (AI) model and polilight technique,Aobaom S; Kongnapakdee T; Romgaew T,Forensic Science International,2025,peer-reviewed,Detection/concentration; Datasets/benchmarks,YOLO family,1,0,0,yes,0,PubMed,title and abstract metadata
10.1109/idicaihei65991.2025.11377663,10.1109/idicaihei65991.2025.11377663,primary study,"Evaluating Clinical Pregnancy Outcomes of Intracytoplasmic Sperm Injection (ICSI) in Vitro Fertilization (IVF) Patients with High Sperm DNA Fragmentation Using AI-Based, Label-Free Assessment in Place of Traditional Staining",Barai J; More A; Choudhary N,"2025 3rd DMIHER International Conference on Artificial Intelligence in Healthcare, Education and Industry (IDICAIHEI)",2025,peer-reviewed,Morphology; Viability/DFI; ICSI selection,YOLO family,1,0,0,yes,0,SemanticScholar,title and abstract metadata
10.1109/icmlc66258.2025.11280198,10.1109/icmlc66258.2025.11280198,primary study,Sperm DNA Fragmentation Prediction from Videos Using Deep Learning,Hayashi K; Morita K; Takeuchi H; Wakabayashi T,2025 International Conference on Machine Learning and Cybernetics (ICMLC),2025,peer-reviewed,Viability/DFI,ResNet,1,0,0,yes,0,SemanticScholar,title and abstract metadata
10.64898/2025.12.15.694470,10.64898/2025.12.15.694470,primary study,"HSTLI, A Dataset of Human Semen Time-Lapse Images for Detection, Tracking, and Motility Parameter Analysis",Sivri A; Choi J; Bopp J; Anouna A; VerMilyea M; Alkhoury G; Onder O; Kam HM; Alkhoury L,bioRxiv,2025,preprint,Detection/concentration; Motility/tracking; Datasets/benchmarks,YOLO family,1,0,0,yes,0,SemanticScholar,title and abstract metadata
10.1109/icra55743.2025.11128014,10.1109/icra55743.2025.11128014,primary study,Automated Video Object Detection of Motile Cells Under Microscopy,Song H; Chen W; Shan G; Sun C; Wan B; Dai C; Liu H; Wang S; Sun Y,2025 IEEE International Conference on Robotics and Automation (ICRA),2025,peer-reviewed,Detection/concentration; Datasets/benchmarks,Transformer / ViT,1,0,0,yes,0,SemanticScholar,title and abstract metadata
10.1121/10.0034602,10.1121/10.0034602,primary study,Comparing neural networks against click train detectors to reveal temporal trends in passive acoustic sperm whale detections,Garrobé Fonollosa L; Webber T; Brotons JM; Cerdà M; Gillespie D; Pirotta E; Rendell L,The Journal of the Acoustical Society of America,2024,peer-reviewed,Detection/concentration; Motility/tracking; Datasets/benchmarks,Family not specified in abstract,1,0,0,yes,0,EuropePMC; PubMed,title and abstract metadata
10.1080/07366205.2024.2393544,10.1080/07366205.2024.2393544,primary study,An automatic classification method of testicular histopathology based on SC-YOLO framework,Wu J; Sun Y; Jiang Y; Bu Y; Chen C; Li J; Li L; Chen W; Cheng K; Xu J,BioTechniques,2024,peer-reviewed,Detection/concentration; Rare sperm/azoospermia,YOLO family,1,0,0,yes,0,EuropePMC; PubMed,title and abstract metadata
10.3390/foods14010005,10.3390/foods14010005,primary study,Computer Vision-Based Fire–Ice Ion Algorithm for Rapid and Nondestructive Authentication of Ziziphi Spinosae Semen and Its Counterfeits,Chen P; Shao X; Wen G; Song Y; Fu R; Xiao X; Lu T; Zhou P; Guo Q; Shi H; Fei C,Foods,2024,peer-reviewed,Detection/concentration; Point-of-care,Family not specified in abstract,0,0,0,yes,0,PubMed,title and abstract metadata
10.1007/978-3-031-67458-7_46,10.1007/978-3-031-67458-7_46,primary study,Analysis of Connexin 43 and Spermine Co-localisation in Glioblastomas,Kirichenko EY; Logvinov AK; Sehweil SMM; Bragin DE; Logvinova IK,Advances in Experimental Medicine and Biology,2024,peer-reviewed,,Family not specified in abstract,1,0,0,yes,0,PubMed,title and abstract metadata
10.1016/j.scitotenv.2024.174038,10.1016/j.scitotenv.2024.174038,primary study,Beneficial effect of residential greenness on sperm quality and the role of air pollution: A multicenter population-based study,Dai T; Li W; Wang L; Zhou J; Zhong K; Yao Y; Cai X; Tian L; Wu H; Xu T; Xiao L; Ni H; Song C; Li Y; Li F; Meng T; Sheng H; Lv Z; Guo P; Wang Q; Zhang X,Science of The Total Environment,2024,peer-reviewed,Detection/concentration; Motility/tracking,Family not specified in abstract,1,1,0,yes,0,PubMed,title and abstract metadata
10.1177/01926233241234059,10.1177/01926233241234059,primary study,Deep Learning–Based Spermatogenic Staging in Tissue Sections of Cynomolgus Macaque Testes,Mecklenburg L; Luetjens CM; Romeike A; Garg R; Samanta P; Mohanty A; Thomas T; Weinbauer G,Toxicologic Pathology,2024,peer-reviewed,Datasets/benchmarks,Family not specified in abstract,0,0,0,yes,0,PubMed,title and abstract metadata
10.1039/d3an01616a,10.1039/d3an01616a,primary study,Gaussian clustering and quantification of the sperm chromatin dispersion test using convolutional neural networks,Yang Z; Zhang L; Fan H; Yan B; Mu Y; Zhou Y; Pei C; Li L; Xiao X,The Analyst,2024,peer-reviewed,Detection/concentration; Viability/DFI; Datasets/benchmarks,CNN (generic term); ResNet,1,0,0,yes,0,PubMed,title and abstract metadata
10.1021/acsami.3c09836,10.1021/acsami.3c09836,primary study,Machine Learning-Assisted High-Throughput Strategy for Real-Time Detection of Spermine Using a Triple-Emission Ratiometric Probe,Wu C; Tan P; Chen X; Chang H; Chen Y; Su G; Liu T; Lu Z; Sun M; Wang Y; Zou Y; Wang J; Rao H,ACS Applied Materials &amp; Interfaces,2023,peer-reviewed,Detection/concentration; Point-of-care,YOLO family,0,0,0,yes,0,PubMed,title and abstract metadata
10.18632/aging.204674,10.18632/aging.204674,primary study,An artificial neural network model to diagnose non-obstructive azoospermia based on RNA-binding protein-related genes,Peng F; Muhuitijiang B; Zhou J; Liang H; Zhang Y; Zhou R,Aging,2023,peer-reviewed,Detection/concentration; Rare sperm/azoospermia,Family not specified in abstract,1,1,0,yes,0,PubMed,title and abstract metadata
10.1109/ichst59286.2023.10565344,10.1109/ichst59286.2023.10565344,primary study,Deep Learning-based Automated Assessment of Sperm Motility,Nguyen VD; Ha Ngo TT; Duong LM; Tran MH,2023 1st International Conference on Health Science and Technology (ICHST),2023,peer-reviewed,Motility/tracking; Datasets/benchmarks,Family not specified in abstract,0,0,0,yes,0,SemanticScholar,title and abstract metadata
10.1093/humrep/deac107.053,10.1093/humrep/deac107.053,primary study,"P-057 Machine learning-based prediction of testicular sperm extraction: comparison of different preprocessing and models, required sample size and relevance of input biomarkers",Bachelot G; Haj Hamid R; Sermondade N; Dhombres F; Isabelle B; Frydman V; Borio-Prades M; Kolanska K; Selleret L; Levy R; Lamaziere A; Dupont C,Human Reproduction,2022,peer-reviewed,Rare sperm/azoospermia; Datasets/benchmarks,Family not specified in abstract,1,0,0,yes,0,OpenAlex,title and abstract metadata
10.1021/acsami.2c12822,10.1021/acsami.2c12822,primary study,Eu(III) Functionalized Crystalline Polyimide Hydrogel Film as a Multifunctional Platform for Consecutive Sensing of Spermine and Copper Ions,Quan X; Yan B,ACS Applied Materials &amp; Interfaces,2022,peer-reviewed,Detection/concentration,Family not specified in abstract,0,0,0,yes,0,PubMed,title and abstract metadata
10.1177/01926233221117747,10.1177/01926233221117747,primary study,Morphologic Features and Deep Learning–Based Analysis of Canine Spermatogenic Stages,Mehrvar S; Kambara T,Toxicologic Pathology,2022,peer-reviewed,Morphology; Detection/concentration,Family not specified in abstract,1,0,0,yes,0,PubMed,title and abstract metadata
10.1016/j.compbiomed.2022.105543,10.1016/j.compbiomed.2022.105543,primary study,TOD-CNN: An effective convolutional neural network for tiny object detection in sperm videos,Zou S; Li C; Sun H; Xu P; Zhang J; Ma P; Yao Y; Huang X; Grzegorzek M,Computers in Biology and Medicine,2022,peer-reviewed,Detection/concentration; Datasets/benchmarks,CNN (generic term),0,0,0,yes,0,PubMed,title and abstract metadata
10.4103/jhrs.jhrs_53_21,10.4103/jhrs.jhrs_53_21,primary study,An Artificial Intelligence-Based Algorithm for Predicting Pregnancy Success Using Static Images Captured by Optical Light Microscopy during Intracytoplasmic Sperm Injection,Geller J; Collazo I; Pai R; Hendon N; Lokeshwar SD; Arora H; Molina M; Ramasamy R,Journal of Human Reproductive Sciences,2021,peer-reviewed,ICSI selection; Datasets/benchmarks,CNN (generic term); Other named backbone,1,1,0,yes,0,PubMed,title and abstract metadata
10.1016/j.compbiomed.2020.104121,10.1016/j.compbiomed.2020.104121,primary study,Effect of deep transfer and multi-task learning on sperm abnormality detection,Abbasi A; Miahi E; Mirroshandel SA,Computers in Biology and Medicine,2021,peer-reviewed,Morphology; Detection/concentration; Datasets/benchmarks,YOLO family,1,0,0,yes,0,PubMed,title and abstract metadata
10.1097/ju.0000000000001253.03,10.1097/ju.0000000000001253.03,primary study,Re: Deep Learning-Based Morphological Classification of Human Sperm Heads,Niederberger C,Journal of Urology,2020,peer-reviewed,Morphology,Family not specified in abstract,1,0,0,yes,0,PubMed,title and abstract metadata
10.1016/j.npep.2020.102083,10.1016/j.npep.2020.102083,primary study,"Spermidine, an autophagy inducer, as a therapeutic strategy in neurological disorders",Ghosh I; Sankhe R; Mudgal J; Arora D; Nampoothiri M,Neuropeptides,2020,peer-reviewed,Detection/concentration,Family not specified in abstract,1,0,0,yes,0,PubMed,title and abstract metadata
10.1073/pnas.2001754117,10.1073/pnas.2001754117,primary study,Reproductive outcomes predicted by phase imaging with computational specificity of spermatozoon ultrastructure,Kandel ME; Rubessa M; He YR; Schreiber S; Meyers S; Matter Naves L; Sermersheim MK; Sell GS; Szewczyk MJ; Sobh N; Wheeler MB; Popescu G,Proceedings of the National Academy of Sciences,2020,peer-reviewed,Morphology; Viability/DFI,CNN (generic term),1,0,0,yes,0,PubMed,title and abstract metadata
10.1016/j.anireprosci.2026.108172,10.1016/j.anireprosci.2026.108172,review article,Artificial intelligence-based prediction of boar reproductive fitness and health: Current status in research and practice,Hensel B; Henneberg S; Marini S; Jung M; Schulze M,Animal Reproduction Science,2026,peer-reviewed,Detection/concentration; Motility/tracking; Viability/DFI,Family not specified in abstract,1,0,0,yes,0,EuropePMC; PubMed,title and abstract metadata
10.5534/wjmh.250367,10.5534/wjmh.250367,review article,Artificial Intelligence in Non-Obstructive Azoospermia: State of the Art in Sperm Retrieval,Kandil H; Arafa M; Kaya C; Wyns C; Le TV; Hamoda T; Saleh R; Palani A; Çayan S; Cannarella R; Pinggera GM; Maya WDC; Nguyen Q; Noman MA; Agarwal A,The World Journal of Men's Health,2026,peer-reviewed,Detection/concentration; Rare sperm/azoospermia,CNN (generic term),1,0,0,yes,0,EuropePMC; OpenAlex; PubMed,title and abstract metadata
https://openalex.org/W7167747005,,primary study,"Deep Learning for Semen Analysis in Male Infertility: Computer Vision, Multimodal Fusion, and Clinical Translation","Runwei Guan, Shaofeng Liang, Jiacheng Weng, Xiaoyi Gu, Jia Weng, Daizong Liu, Duo Pan, Qingxin Zhang, Xiao Liang, Weiping Ding, S J Zhu, Ming Yuan",arXiv (Cornell University),2026,preprint,Morphology; Detection/concentration; Motility/tracking; Datasets/benchmarks,Family not specified in abstract,1,1,0,no,0,OpenAlex; SemanticScholar; arXiv,title and abstract metadata
http://arxiv.org/abs/2606.20438v1,,primary study,Interpretable Sperm Morphology Classification via Attention-Guided Deep Learning,"Zahra Asghari Varzaneh, Reza Khoshkangini, Thomas Ebner, Lars Johansson",arXiv preprint,2026,preprint,Morphology; Datasets/benchmarks,CNN (generic term); Other named backbone,1,0,0,no,0,SemanticScholar; arXiv,title and abstract metadata
http://arxiv.org/abs/2601.10070v1,,primary study,Comparative Evaluation of Deep Learning-Based and WHO-Informed Approaches for Sperm Morphology Assessment,Mohammad Abbadi,arXiv preprint,2026,preprint,Morphology; Datasets/benchmarks,Family not specified in abstract,1,0,0,no,0,arXiv,title and abstract metadata
10.12182/20250360401,10.12182/20250360401,primary study,[Advances in the Application of Artificial Intelligence in the Field of Male Infertility],"Chen Y, Hu X, Liu Y.",Sichuan da xue xue bao. Yi xue ban = Journal of Sichuan University. Medical science edition,2025,peer-reviewed,Morphology; Detection/concentration; Motility/tracking; Viability/DFI; Rare sperm/azoospermia,CNN (generic term),1,0,0,no,0,EuropePMC; PubMed,title and abstract metadata
IND609293126,,primary study,Whale Vision: A tool for identifying sperm whales and other cetaceans by their flank or fluke,"Fuller S, Maggi S, Mussi B, Kypraios T, Pound M.",Ecological Informatics,2025,peer-reviewed,Motility/tracking; Datasets/benchmarks,Family not specified in abstract,0,0,0,no,0,EuropePMC,title and abstract metadata
http://arxiv.org/abs/2510.11142v1,,primary study,Validation of an Artificial Intelligence Tool for the Detection of Sperm DNA Fragmentation Using the TUNEL In Situ Hybridization Assay,"Byron Alexander Jacobs, Aqeel Morris, Ifthakaar Shaik, Frando Lin",arXiv preprint,2025,preprint,Morphology; Detection/concentration; Viability/DFI; ICSI selection,Transformer / ViT; Ensemble / distillation,1,0,0,no,0,arXiv,title and abstract metadata
http://arxiv.org/abs/2408.00112v1,,primary study,Automated Sperm Morphology Analysis Based on Instance-Aware Part Segmentation,"Wenyuan Chen, Haocong Song, Changsheng Dai, Aojun Jiang, Guanqiao Shan, Hang Liu, Yanlong Zhou, Khaled Abdalla, Shivani N Dhanani, Katy Fatemeh Moosavi, Shruti Pathak, Clifford Librach",arXiv preprint,2024,preprint,Morphology; Detection/concentration; Datasets/benchmarks,CNN (generic term); R-CNN family,0,0,0,no,0,arXiv,title and abstract metadata
http://arxiv.org/abs/2202.07191v3,,primary study,Improving Human Sperm Head Morphology Classification with Unsupervised Anatomical Feature Distillation,"Yejia Zhang, Jingjing Zhang, Xiaomin Zha, Yiru Zhou, Yunxia Cao, Danny Z. Chen",arXiv preprint,2022,preprint,Morphology; Datasets/benchmarks,Family not specified in abstract,1,0,0,no,0,arXiv,title and abstract metadata
10.22074/cellj.2022.7448,10.22074/cellj.2022.7448,primary study,Using Deep Learning Algorithm: The Study of Sperm Head Vacuoles and Its Correlation with Protamine mRNA Ratio,"Ghasemian F, Bahadori MH, Hosseini Kolkooh SZ, Esmaeili M",Cell journal,2022,peer-reviewed,Morphology; Viability/DFI; ICSI selection,Family not specified in abstract,1,0,0,no,0,PubMed,title and abstract metadata
http://arxiv.org/abs/2101.01207v1,,primary study,Semantic Video Segmentation for Intracytoplasmic Sperm Injection Procedures,"Chloe He, Raksha Jain, Jérôme Chambost, Céline Jacques, Cristina Hickman",arXiv preprint,2021,preprint,ICSI selection; Datasets/benchmarks,Family not specified in abstract,1,0,0,no,0,arXiv,title and abstract metadata
http://arxiv.org/abs/2109.08049v2,,primary study,A Machine Learning Framework for Automatic Prediction of Human Semen Motility,"Sandra Ottl, Shahin Amiriparian, Maurice Gerczuk, Björn Schuller",arXiv preprint,2021,preprint,Detection/concentration; Motility/tracking; Datasets/benchmarks,CNN (generic term); LSTM / RNN,1,0,1,no,0,arXiv,title and abstract metadata
